ID_SA,NAME_SA,COUNTRY_SA,THEME_SA,CLASSIFICATION_SA,imageUrl
1,方坤祺,基隆市,魔術表演,表演藝術,https://cloud.culture.tw/h_upload_ccacloud/performer/pic/A0/B0/C0/D0/E7/F451/e7934d11-505d-4735-92d2-74aed29014d2.JPG
2,王建雄,基隆市,吉他自彈自唱,表演藝術,https://cloud.culture.tw/h_upload_ccacloud/performer/pic/A0/B0/C0/D0/E7/F452/45009b85-dcac-45d6-9092-ca497be074f4.JPG
3,朱崇能,基隆市,草編、紙藝、童玩,創意工藝,
4,王盛昌,基隆市,烤漆噴畫,視覺藝術,
5,邱淑君,基隆市,民俗鄉土藝術,創意工藝,https://cloud.culture.tw/h_upload_ccacloud/performer/pic/A0/B0/C0/D0/E7/F455/5afe835e-5820-4b30-bf57-ccdcb95bcfb5.jpg
6,朱庭慧,基隆市,古箏演奏,表演藝術,https://cloud.culture.tw/h_upload_ccacloud/performer/pic/A0/B0/C0/D0/E7/F456/7e12f446-0a29-486d-bee7-249f33f492fa.JPG
7,邱藍月娥,基隆市,水晶珠串裝飾,創意工藝,
8,翁蘭香,基隆市,編織吸管、童玩,創意工藝,
9,余至寬,基隆市,吉他自彈自唱,表演藝術,https://cloud.culture.tw/h_upload_ccacloud/performer/pic/A0/B0/C0/D0/E7/F459/171bd5e3-4915-42e6-9523-e6e852ecd024.JPG
10,張坤泰,基隆市,烙鐵板畫及板書,創意工藝,
11,吳坤炤,基隆市,吉他自彈自唱,表演藝術,https://cloud.culture.tw/h_upload_ccacloud/performer/pic/A0/B0/C0/D0/E7/F461/1c5515c5-c839-4229-a788-eef9596f500d.jpg
12,吳昆育,基隆市,電鋼琴演奏,表演藝術,
13,張武興,基隆市,草編、紙藝、吸管工藝,創意工藝,
14,吳旻鴻,基隆市,吉他自彈唱,表演藝術,https://cloud.culture.tw/h_upload_ccacloud/performer/pic/A0/B0/C0/D0/E7/F464/de52f4f1-a84f-4bbb-af17-adf687aae7a2.JPG
15,張惟勝,基隆市,篆刻、手工藝、書法,創意工藝,
16,陳素娟,基隆市,串珠、壓花,創意工藝,
17,鄒幸泰,基隆市,剪側影,創意工藝,
18,吳冠達,基隆市,魔術,表演藝術,https://cloud.culture.tw/h_upload_ccacloud/performer/pic/A0/B0/C0/D0/E7/F468/396bd591-fb38-4710-a654-13d7d726b399.jpg
19,吳鴻寶,基隆市,Q版人像,視覺藝術,
20,劉鳳珠,基隆市,超輕粘土創作,創意工藝,
21,呂珠季,基隆市,電子琴演奏,表演藝術,https://cloud.culture.tw/h_upload_ccacloud/performer/pic/A0/B0/C0/D0/E7/F471/3d8faed4-5d37-41c9-82ac-f67e72a124d6.jpg
22,宋俋蓁,基隆市,麥克筆人像素寫,視覺藝術,
23,李素梅,基隆市,人像繪畫,視覺藝術,
24,嚴柯秀蘭,基隆市,籐編、童玩、紙藝,創意工藝,
25,李新孔,基隆市,吉他＋口琴彈唱,表演藝術,https://cloud.culture.tw/h_upload_ccacloud/performer/pic/A0/B0/C0/D0/E7/F475/55f5fbcd-78d0-4522-bfee-a66ed9415f71.JPG
26,白吉平,基隆市,捏麵人,創意工藝,
27,汪進發,基隆市,鋸琴演奏,表演藝術,https://cloud.culture.tw/h_upload_ccacloud/performer/pic/A0/B0/C0/D0/E7/F477/c25b265e-3bd3-45a5-9de9-1996d0ae14c8.jpg
28,周松村,基隆市,尺八演奏,表演藝術,
29,呂佳婉,基隆市,彩繪,創意工藝,
30,李碧霞,基隆市,氣球藝術,創意工藝,
31,紀秀月,臺北市,歌唱,表演藝術,https://cloud.culture.tw/c_upload_busker/performer/personal/image/2017-03-10/395f6c4d-1032-4abd-b06e-d9ca37858d52/e0477eb94ad98ed644c6bf50d106d81a.png
32,李政忠,臺北市,陶笛示範教學、音樂演奏,表演藝術,
33,許麗雪,臺北市,月琴自彈自唱,表演藝術,https://cloud.culture.tw/c_upload_busker/performer/personal/image/2017-03-15/cc506b5a-0f3c-4567-845f-6d39e81ffe4c/ea3f12d464b4d5a80ba497a1a6517d96.jpg
34,陳妍如,臺北市,長笛演奏，歌唱,表演藝術,
35,謝寶丹,臺北市,唱歌,表演藝術,
36,吳奇鴻,臺北市,小丑、氣球、行動雕像,表演藝術,https://cloud.culture.tw/c_upload_busker/image/2018-05-19/9b745455-f95e-4a56-9d74-697e4cfa631d//2e5dde148cca645630e809f96360a296.jpg
37,胡清風,臺北市,鋸琴演奏,表演藝術,
38,劉懋漳,臺北市,手風琴、竹板快書、老歌演奏,表演藝術,
39,陳坤波,臺北市,吉他、口琴彈唱,表演藝術,
40,趙仲榮,臺北市,默劇、魔術、氣球秀,表演藝術,https://cloud.culture.tw/c_upload_busker/performer/personal/image/2017-04-07/24a379e4-e7d9-4843-bd37-d727e5b645ba/8a926642453148b5b46808abda0b48dd.jpg
41,徐承邦,臺北市,口琴吹奏,表演藝術,
42,李冠毅,臺北市,小提琴演奏,表演藝術,https://cloud.culture.tw/c_upload_busker/performer/personal/image/2017-03-15/aecf4e81-292a-49e1-beb6-9f9c3bae1c0f/6065968416c273264554f891da0371ba.JPG
43,陳孟俊,臺北市,二胡演奏,表演藝術,https://cloud.culture.tw/c_upload_busker/performer/personal/image/2017-03-10/d66f9cb8-8074-46b4-bbbe-751430d8a310/89aea7d03fbefa71599825feb7b0ba44.jpg
44,鄭成發,臺北市,電子琴、口琴演奏,表演藝術,https://cloud.culture.tw/c_upload_busker/performer/personal/image/2017-03-15/fca180bd-e552-411f-9418-3c8d9d03cd09/80c656ab0e1f8386e774310123f2e665.jpg
45,陳勝航,臺北市,西班牙吉他演奏,表演藝術,
46,胡清祥,臺北市,豎笛演奏,表演藝術,
47,陳哲明,臺北市,薩克斯風演奏,表演藝術,https://cloud.culture.tw/c_upload_busker/performer/personal/image/2017-03-10/670ac5c4-0f3d-4225-80cd-db47bba68d25/e2e1226350ff3ded18e42469adaa9f43.jpg
48,蕭可鉅,臺北市,傳統技藝打陀螺,表演藝術,https://cloud.culture.tw/c_upload_busker/performer/personal/image/2017-03-15/63d40129-7294-492c-bf0b-596e1d74856b/5bfcf2e71405937fefc096f9740d6b00.jpg
49,張林?,臺北市,豎笛,表演藝術,https://cloud.culture.tw/c_upload_busker/performer/personal/image/2018-06-01/21a2dfec-cd35-4e7d-bee6-fce3f7e9067a/e9aec44b93a813819cfdc0a6b4ea496e.jpg
50,吳柏毅,臺北市,薩克斯風,表演藝術,https://cloud.culture.tw/c_upload_busker/performer/personal/image/2016-07-28/b48f7c39-a3d5-4bec-aab2-b525c9ae41d1/8757488c1b800f85daa97398db71ed85.jpg
51,米奇?,臺北市,蕭類樂器演奏,表演藝術,https://cloud.culture.tw/c_upload_busker/performer/personal/image/2017-03-29/2fdb32ab-de7b-4ce5-a643-e5d94d3cf24c/0feb3cdc4399528ebb68397a0de8fcff.jpg
52,林家德,臺北市,歌唱、吉他演奏,表演藝術,
53,洪竹駿,臺北市,詞曲創作發表,表演藝術,
54,唐招財,臺北市,民俗雜技,表演藝術,https://cloud.culture.tw/c_upload_busker/performer/personal/image/2017-03-15/5c426137-9c74-4ae1-9701-db6ee843bd77/0ccdae4878c02dd123ad783dfd1e852b.jpg
55,高炎,臺北市,薩克斯風演奏,表演藝術,
56,蘇福寶,臺北市,洞簫、笛子演奏,表演藝術,https://cloud.culture.tw/c_upload_busker/performer/personal/image/2017-03-15/93a3ac7b-bef4-4cc7-a9e3-bb1cce7d8008/7dd6a7a8675b7e437e79b08d27a942ea.jpg
57,洪仁勇,臺北市,汽球造型及魔術,表演藝術,
58,林福德,臺北市,薩克斯風演奏,表演藝術,https://cloud.culture.tw/c_upload_busker/performer/personal/image/2017-03-15/75bd6d18-8285-453e-9fca-1c25aeba182b/d1fb2f5935447806d70b3ad7a0c3b529.jpg
59,張博威,臺北市,吉他彈唱,表演藝術,https://cloud.culture.tw/c_upload_busker/performer/personal/image/2017-03-15/b8a43538-8a55-492d-8b9e-6e2f77c71219/0cdcddc442810b3012a57e2172fe5e17.JPG
60,陳明雄,臺北市,素描,視覺藝術,
61,吳旻鴻,雲林縣,吉他彈唱,表演藝術,https://cloud.culture.tw/c_upload_busker/performer/personal/image/2016-06-30/fb36da2c-3e8d-4824-91bc-530f85f55fb9/10d58782872776d0ea8769929ed0ffc8.jpg
62,柯勝傑,雲林縣,吉他彈唱,表演藝術,
63,黃志可,雲林縣,二胡彈唱,表演藝術,
64,梁智凱,雲林縣,吉他彈唱,表演藝術,
65,穆艾卿,雲林縣,魔術表演　　　　　吉他彈唱,表演藝術,
66,劉威延,雲林縣,吉他彈唱,表演藝術,https://cloud.culture.tw/c_upload_busker/image/2019-01-03/6efa3601-b5df-4908-9760-9bd74e64133b/01b5fa0eeb84f9fdcc0478c605dbfd53.jpg
67,張智鈞,雲林縣,吉他彈唱,表演藝術,
68,路口逗留二人組 　　,雲林縣,吉他　　　　　　　鍵盤演奏彈唱,表演藝術,
69,陳又銘,雲林縣,吉他彈唱,表演藝術,
70,歐相宙,雲林縣,樂器彈唱,表演藝術,
71,趙仲榮,雲林縣,氣球秀　　　　　　默劇、魔術,表演藝術,
72,街頭團康 　　,雲林縣,卡拉OK帶動唱,表演藝術,
73,戀的音樂藝術 　　,雲林縣,樂團表演,表演藝術,
74,朱俊傑,雲林縣,口琴與吉他創意獨奏,表演藝術,
75,陶氣貓 　　,雲林縣,陶笛音樂演奏,表演藝術,
76,抗癌歌手 　　,雲林縣,電子琴彈唱,表演藝術,
77,陳宜男,雲林縣,排笛獨奏,表演藝術,
78,鄭億祥,雲林縣,電子琴彈唱,表演藝術,
79,風之情流行樂團,雲林縣,電子琴與管樂器合奏,表演藝術,
80,方坤?,雲林縣,魔術表演,表演藝術,https://cloud.culture.tw/c_upload_busker/performer/personal/image/2016-08-12/921e01b0-88e8-44b4-8ba6-646a6878eb1b/dec12f65f8d164e58afa1cbade0933a2.jpg
81,吳坤炤,雲林縣,吉他彈唱,表演藝術,https://cloud.culture.tw/c_upload_busker/performer/personal/image/2018-07-24/7360d4c4-d470-4108-a097-bfdb153ff7a6/8abe7fe1e48316672280cb8b25cddc6a.jpg
82,李新孔,雲林縣,吉他與口琴彈唱,表演藝術,https://cloud.culture.tw/c_upload_busker/performer/personal/image/2016-06-30/f356bf96-6954-426c-b35e-8960a0fe45e4/c4e0dac1cae9353837d5007293878549.jpg
83,胡庭瑀,雲林縣,吉他彈唱,表演藝術,
84,黃靜香,雲林縣,電子琴彈唱,表演藝術,
85,林繞川,雲林縣,電子琴彈唱,表演藝術,
86,劉遠山,雲林縣,口琴演奏,表演藝術,
87,愛的進行式樂團,雲林縣,樂團演奏,表演藝術,https://cloud.culture.tw/c_upload_busker/performer/team/image/2016-08-12/d8a1d855-9e1f-45c9-8025-c246d7bc289c/96ed4bc42531a1e7571b7eb90fe030b3.jpg
88,王建雄,雲林縣,吉他彈唱,表演藝術,
89,林威宇,雲林縣,電子琴彈唱,表演藝術,https://cloud.culture.tw/c_upload_busker/performer/personal/image/2016-06-30/aca46d4e-2027-43e4-9ed7-ef69ee9d443f/7f90d5dda6da98da7f754f8c9bb2bcd5.JPG
90,韓齊家,雲林縣,吉他彈唱,表演藝術,
91,趙敦毅,臺中市,現代立方體,表演藝術,https://cloud.culture.tw/c_upload_busker/performer/personal/image/2017-04-24/22560e4b-055a-40d2-ab69-d91c10b372fd/3299a10d0e06ac5a316af57c878ba220.jpg
92,陳玥戎,臺中市,襪子娃娃創作,創意工藝,
93,李羿嬅,臺中市,毛線編織,創意工藝,
94,蕭湘婷,臺中市,鍵盤自彈自唱,表演藝術,
95,香雞堡樂團,臺中市,吉他彈唱,表演藝術,https://cloud.culture.tw/c_upload_busker/performer/team/image/2017-04-24/328c7e32-7c32-447e-b307-6794ab4d6d13/afe03a0dffbd737c4888ddcdcce42979.jpg
96,林坤山,臺中市,創意童玩,創意工藝,https://cloud.culture.tw/c_upload_busker/performer/personal/image/2017-04-24/5d489dfe-220b-483b-882c-63092d684a9a/db815f0744feb9170a828c2d16f25fa0.jpg
97,許碧莉,臺中市,燈籠製作彩繪,創意工藝,https://cloud.culture.tw/c_upload_busker/performer/personal/image/2017-04-24/bde04960-dcb2-4263-86e9-9099c114261a/a398cd313cfcc8bfb25231c2b1462228.jpg
98,HYDRA街頭劇場,臺中市,當代特技舞蹈,表演藝術,https://cloud.culture.tw/c_upload_busker/performer/team/image/2017-04-24/4eebe697-f7a3-482d-ab77-34439881a4a2/2cd44e0b2601cb497ec275eaebd75960.jpg
99,舅甥二人組,臺中市,Keyboard、Sax演奏,表演藝術,
100,一針一線X幸福無限,臺中市,手工針線織品、十字繡藝品,創意工藝,
101,美美樂團,臺中市,古典吉他，小提琴合奏,表演藝術,
102,環保素材巧作園,臺中市,環保素材創意手作、袋袋相傳,創意工藝,
103,水沙蓮愛UK樂團,臺中市,木箱鼓、烏克麗麗彈唱,表演藝術,
104,步步高升,臺中市,踩高蹺,表演藝術,
105,棒棒糖樂團,臺中市,音樂演唱,表演藝術,
106,林秀真,臺中市,折氣球,表演藝術,
107,廖美惠,臺中市,薩克斯風演奏,表演藝術,
108,有夠玩皮,臺中市,皮雕皮物製作,創意工藝,
109,徐于鈞,臺中市,手工髮飾品,創意工藝,
110,大木文創〈玩聚鄉〉,臺中市,童玩文創工藝,創意工藝,
111,廖沛淳,臺中市,乾燥花藝與節日花藝現場製作～,創意工藝,
112,Cat&Owl手作鋪,臺中市,黏土創作、飾品、雜貨、複合式媒材創作,創意工藝,
113,李淑玲,臺中市,種子的保存，處理，編結,創意工藝,
114,兔咪手作,臺中市,布藝、飾品創作,創意工藝,
115,梵希創意設計,臺中市,複合媒材創作,創意工藝,
116,黃世豪,臺中市,多肉植物盆栽組盆藝術,創意工藝,
117,黃承皇,臺中市,輪轉氣球~散播歡樂、散播愛,創意工藝,
118,李玉琪,臺中市,皮雕創作工藝,創意工藝,
119,愛麗瑪仕飾品工坊,臺中市,手工藝品、小物,創意工藝,
120,謝佳雯,臺中市,金工鍛敲紋理成型,創意工藝,https://cloud.culture.tw/c_upload_busker/image/2019-03-18/c7bbab27-4deb-4039-a676-530805229c51//6698ee604cf2dd702008048d24bac5d8.jpg
121,捌樓小吉他樂團,南投縣,烏克麗麗、木箱鼓、u-Bass,表演藝術,https://cloud.culture.tw/c_upload_busker/performer/team/image/2017-05-24/1ef016bd-2fed-4949-8d9c-2c19dd29d66d/41d0af57e888556393ec69403956fb67.jpg
122,董逢盛,南投縣,口琴吹奏、歌唱翻花繩,表演藝術,https://cloud.culture.tw/c_upload_busker/performer/personal/image/2017-05-24/3278c3a8-8766-49cd-8419-bd120de12fe4/ad30b93a1affd8ab8997c984cd43f5a7.jpg
123,鄒秀芳,南投縣,歌唱,表演藝術,https://cloud.culture.tw/c_upload_busker/performer/personal/image/2017-05-24/d72e7535-4546-4d61-9492-81f01ea0b659/30eef036d74acbdf4d32b31c816eab64.jpg
124,朱福進,南投縣,薩克斯風演奏,表演藝術,https://cloud.culture.tw/c_upload_busker/performer/personal/image/2017-05-24/58f14ba6-3a21-473f-aea4-5fe1dd9ec479/86d4e0e8a0940b85a0075aea11ffcf80.PNG
125,顏良豈,南投縣,薩克斯風演奏,表演藝術,https://cloud.culture.tw/c_upload_busker/performer/personal/image/2017-05-24/86937186-5a0d-44df-b168-b5e9cd0ba2e2/0ca411e8ac5c233ca527ea7a2b5aee4f.JPG
126,黃政亮,南投縣,薩克斯風演奏,表演藝術,https://cloud.culture.tw/c_upload_busker/performer/personal/image/2017-05-24/96a34e1a-4f1b-4feb-922b-286a22686f27/17ca494feee9597f5768323165dfcd4f.jpg
127,石家如,南投縣,唱歌,表演藝術,https://cloud.culture.tw/c_upload_busker/performer/personal/image/2017-05-23/5a7d9b6f-8dd3-4ede-b4a8-f14ea518cdec/a8bad80419154babc220d5fb5f1169e7.jpg
128,徐百香,南投縣,歌唱及長笛吹奏,表演藝術,https://cloud.culture.tw/c_upload_busker/performer/personal/image/2017-05-23/93ff2704-8498-4fa6-a979-a42371c3b958/ff8be8c229e21428c6756912a5e8fb11.jpg
129,林沅鴻,南投縣,電子琴演奏、歌唱,表演藝術,https://cloud.culture.tw/c_upload_busker/performer/personal/image/2017-05-25/aaa877b7-16a2-4b58-b974-beb5c3aa06a0/9385773c1512ca093bc700cfb616ec3b.jpg
130,黃志偉,南投縣,薩克斯風演奏、歌唱,表演藝術,https://cloud.culture.tw/c_upload_busker/image/2018-06-26/1cfbdd94-2e3b-49d9-809f-ed07e24c4429/a010e8476d696a1af99fbffd163bd190.jpg
131,李斯勇,南投縣,演奏:打擊,表演藝術,https://cloud.culture.tw/c_upload_busker/performer/personal/image/2017-05-25/a933dba4-2910-49a6-85c9-2b4908233429/c5676503ba07927908c544ba29e17d0b.JPG
132,馬仲毅,南投縣,歡樂造型氣球,表演藝術,https://cloud.culture.tw/c_upload_busker/performer/personal/image/2017-05-25/e2f76125-809e-450e-b77f-c84a69d9c8eb/e74e71341ba20b17dad6312f9b528d24.jpg
133,劉鳳蘭,南投縣,手作編織作品,視覺藝術,https://cloud.culture.tw/c_upload_busker/performer/personal/image/2017-05-25/1c8b86ff-7f8a-4a1a-aac6-97b01963471d/112eeaf088c044f09c87031915904f7c.JPG
134,K&S流行樂團,南投縣,電子琴薩克斯風合奏,表演藝術,https://cloud.culture.tw/c_upload_busker/performer/team/image/2017-05-24/669c69a8-7de2-4d96-9222-6a966e0732d6/fdf88b9e5a6396d8720bd1cecca20a0b.jpg
135,摩登原始人,南投縣,演奏、演唱、吉他,表演藝術,https://cloud.culture.tw/c_upload_busker/performer/team/image/2017-07-26/16d01e24-f1ff-48a2-9d15-eeed0f59fcb1/3085e0b933add914b3e27a225a189639.jpg
136,廣建章,南投縣,歌唱,表演藝術,https://cloud.culture.tw/c_upload_busker/performer/personal/image/2017-07-25/eb4472c8-d45a-497c-89fd-d4400c63573c/e1a363f88aae0ee3a147f6b65eb91edd.jpg
137,李建明,南投縣,歡樂造型氣球,表演藝術,https://cloud.culture.tw/c_upload_busker/image/2020-05-28/d8fc3d81-44b4-4ee7-aa32-90ae3d4e44f7//70e364be5a366f9ff950c852f8a0d2f4.jpg
138,林裕肱,南投縣,吉他演奏及彈唱,表演藝術,https://cloud.culture.tw/c_upload_busker/performer/personal/image/2017-05-25/29a304ea-b8c8-4f5b-a466-47fc56962545/ac3687b7e5aa85616566750375bcd0d0.jpg
139,和風樂團,南投縣,薩克斯風、小提琴演奏,表演藝術,https://cloud.culture.tw/c_upload_busker/performer/team/image/2017-05-25/8176e378-2633-48bd-84a7-32d7e005def8/026f68ea5534259a0817152ccb7b946f.jpg
140,鄉土之美合唱團,南投縣,歌唱,表演藝術,https://cloud.culture.tw/c_upload_busker/performer/team/image/2017-05-25/3ad267ad-4faf-401f-983d-11a9d803ee45/e064b178d05a6b0556dc8c6123be1316.jpg
141,林人生,南投縣,薩克斯風演奏,表演藝術,https://cloud.culture.tw/c_upload_busker/performer/personal/image/2017-06-06/e389d1a9-5116-4519-98a7-174c7790c490/310b726186457839f79e4ea7bc0a2270.jpg
142,林再來,南投縣,薩克斯風演奏,表演藝術,https://cloud.culture.tw/c_upload_busker/performer/personal/image/2017-07-25/8c000d0f-2e82-4eec-8d02-0422a26bc06a/9d91f17ec4552d2954efd0c50d23c8f2.jpg
143,林昱慈,南投縣,陶笛演奏、舞蹈,表演藝術,https://cloud.culture.tw/c_upload_busker/performer/personal/image/2017-07-25/3bf86eb1-1fc1-400d-a6f5-176e6f9ca8ca/f7bae57fe5c7860848ca2618822acb9a.jpg
144,魯映．棘奧,南投縣,歌唱,表演藝術,https://cloud.culture.tw/c_upload_busker/performer/personal/image/2017-07-25/c9936489-5642-409c-b29d-9b16accd8f2d/ef697c41042aaa6856149755d4b0344a.jpg
145,詹壽美,南投縣,歌唱,表演藝術,https://cloud.culture.tw/c_upload_busker/performer/personal/image/2017-07-25/7962f017-5a16-4d60-9bf9-06779ef954d0/dd10088b097472399fe64b62e34244da.jpg
146,詹呂理傑,南投縣,歌唱,表演藝術,https://cloud.culture.tw/c_upload_busker/performer/personal/image/2017-07-25/b29fc499-93fc-43b7-ac57-7a018a387579/0ebf3b2bfe0945dde1d95db083f038db.jpg
147,王智賢,南投縣,爵士鼓,表演藝術,https://cloud.culture.tw/c_upload_busker/performer/personal/image/2017-07-25/479a0846-50b9-4fac-a47e-1c044d1654a0/f88cd6cab06991a6a902824034298e16.jpg
148,陳徐光,南投縣,薩克斯風演奏,表演藝術,https://cloud.culture.tw/c_upload_busker/performer/personal/image/2017-07-25/f46ae8a5-abf4-423d-8544-92437bdfdafc/91c9d76002730bfbbd77331de0e81ba0.jpg
149,梁松雄,南投縣,長笛、小提琴,表演藝術,https://cloud.culture.tw/c_upload_busker/performer/personal/image/2017-07-25/007d79e2-d451-44c3-b4e7-788dc14bf44c/e28b12816409d1e56bf6e48ba2d942fb.jpg
150,呂慧芬,南投縣,長笛演奏,表演藝術,https://cloud.culture.tw/c_upload_busker/performer/personal/image/2017-07-25/f3802e1a-331d-420e-a11f-1dc6a1584ca4/b04ebc7b6f86e411f7e0668bdfe7f84f.jpg
151,羅新運,臺南市,薩克斯風吹奏,表演藝術,https://cloud.culture.tw/c_upload_busker/performer/personal/image/2017-07-13/8efb0dd2-ba17-4ff7-a221-b86f12249bdb/6dda41692958503c7c86a785aaaa7310.JPG
152,張添福,臺南市,薩克斯風吹奏,表演藝術,https://cloud.culture.tw/c_upload_busker/performer/personal/image/2017-07-13/882f77ce-3a46-44e2-97a9-e1c08987f490/242d68d77fc22aee86e505cca870aab3.JPG
153,周佑達,臺南市,吉他彈唱,表演藝術,https://cloud.culture.tw/c_upload_busker/performer/personal/image/2017-07-13/6902f173-f54c-4d85-8a60-06d0a4c0af87/724dfebcef767a318ee08e7e20d1ed89.JPG
154,陳夆名,臺南市,吉他彈唱,表演藝術,https://cloud.culture.tw/c_upload_busker/performer/personal/image/2017-07-13/ee08ed61-86f6-4142-8972-b5b55b4a0b5e/930d5c2ef24c3260c20c9c47ce22cb77.JPG
155,李明全,臺南市,薩克斯風吹奏,表演藝術,https://cloud.culture.tw/c_upload_busker/performer/personal/image/2017-07-13/bbfe79f6-e9d2-4e86-8ec0-82d8f5b743cd/39857bdb913c9f171829e85c1cf1575a.JPG
156,李泳誼,臺南市,薩克斯風吹奏,表演藝術,https://cloud.culture.tw/c_upload_busker/performer/personal/image/2017-07-13/50a0fb77-0f4b-457e-af2f-27045783d6c2/855787955fa3a0d6752a3d0912615ea3.JPG
157,陳秀雲,臺南市,二胡彈奏,表演藝術,https://cloud.culture.tw/c_upload_busker/performer/personal/image/2017-07-13/645530ce-1c1d-4b01-bd3c-fd843276084d/f65bf297b9275e736282c9a3808d52a9.JPG
158,史瑞生,臺南市,薩克斯風吹奏,表演藝術,https://cloud.culture.tw/c_upload_busker/performer/personal/image/2017-07-13/2f94e8af-1683-42e5-851d-9f7cb82e7e0f/dffda04d6ddcc44ace33afc53f5a4e59.JPG
159,倪有慶,臺南市,吉他彈唱,表演藝術,https://cloud.culture.tw/c_upload_busker/performer/personal/image/2017-07-13/ecd79495-3e88-469a-8d3c-4c6bf6c8a16a/799c0d1888fc39d53aa8eaa5b2229b65.JPG
160,范華亭,臺南市,薩克斯風吹奏,表演藝術,https://cloud.culture.tw/c_upload_busker/performer/personal/image/2017-07-13/00555bd0-a88f-4c5b-a19d-e604c284a9f5/cdfa3225da6dafca018e0b53d0c889d6.JPG
161,陳溪林,臺南市,吉他彈唱,表演藝術,https://cloud.culture.tw/c_upload_busker/performer/personal/image/2017-07-13/9227aa2e-a4c4-4952-8496-4a07d6fd53ad/fb5a0723ff95b60be9335db0a94907b0.JPG
162,張文雄,臺南市,手風琴彈奏,表演藝術,https://cloud.culture.tw/c_upload_busker/performer/personal/image/2017-07-13/320f9869-5673-4ee0-b3a6-75f43b224c5a/ec7ac0286f4581aa65f823a2ea69d5d6.JPG
163,林芫興,臺南市,吉他彈唱,表演藝術,https://cloud.culture.tw/c_upload_busker/performer/personal/image/2017-07-13/0cf980a2-b6d5-4ffe-bdda-1bb114746d09/083d53ee9318f573fe7a730228efe9fe.JPG
164,廖偉翔,臺南市,花式扯鈴表演,表演藝術,https://cloud.culture.tw/c_upload_busker/performer/personal/image/2017-07-13/0fbd654f-8a9c-4d34-834c-4b9332b79a5d/116386be9f02c1395e5fc946d11f655c.JPG
165,劉晏,臺南市,爵士鼓打擊,表演藝術,https://cloud.culture.tw/c_upload_busker/performer/personal/image/2017-07-13/02279347-f61c-4f3c-8287-59594467614e/c29e01463ff85bce1f28ca7dcce5fbf1.JPG
166,吳進財,臺南市,歌唱,表演藝術,https://cloud.culture.tw/c_upload_busker/performer/personal/image/2017-07-13/60434036-924b-419c-8333-22f1fbf365d0/68c314e6153a6f0fcc17ac859fca0cdd.JPG
167,王虹津,臺南市,歌唱,表演藝術,https://cloud.culture.tw/c_upload_busker/performer/personal/image/2017-07-13/d41f8e3e-c881-46a1-8331-b849d55bdad5/e851cfc3990a769f90a05e8e5f1a6f4d.JPG
168,鍾安政,臺南市,薩克斯風吹奏,表演藝術,https://cloud.culture.tw/c_upload_busker/performer/personal/image/2017-07-13/321cdc10-7312-4bbb-9500-2712d8220118/6a90ee0a43bd544871f6afb185616f67.JPG
169,王金良,臺南市,吉他彈奏,表演藝術,https://cloud.culture.tw/c_upload_busker/performer/personal/image/2017-07-13/31d8df62-3f95-45de-8bab-892e84743701/df08f9964309d007b74997e02b7d77bc.JPG
170,黃志強,臺南市,吉他彈唱,表演藝術,https://cloud.culture.tw/c_upload_busker/performer/personal/image/2017-07-13/ec4c6b50-3ac0-4d16-ac01-7bdbf7a0bd06/cd016f1edaa8e2ac473f2a53266af0af.JPG
171,黃禹晸,臺南市,電子琴彈唱,表演藝術,https://cloud.culture.tw/c_upload_busker/performer/personal/image/2017-07-13/f6be8557-930c-44c0-b842-7b099804d1da/087fd60fa2bf5c00a529fbbd5e6bcc94.JPG
172,王炳勳,臺南市,薩克斯風吹奏,表演藝術,https://cloud.culture.tw/c_upload_busker/performer/personal/image/2017-07-13/0ada8384-313c-435a-b4bb-87d4ba33520a/251a33af55c013becfb0ddd93b0710e5.JPG
173,陳慈鳳,臺南市,薩克斯風吹奏,表演藝術,https://cloud.culture.tw/c_upload_busker/performer/personal/image/2017-07-13/a3bb8a03-50a2-464d-994f-47ab8e8e8115/264fff763b941e4f1c7fb3e2f57cfe48.JPG
174,陳宗平,臺南市,薩克斯風吹奏,表演藝術,https://cloud.culture.tw/c_upload_busker/performer/personal/image/2017-07-13/b5ec52ac-b682-4704-9ae3-def009bb10f5/b56ad7defe01af0cd066a2f189fb9288.JPG
175,吳國勝,臺南市,薩克斯風吹奏,表演藝術,https://cloud.culture.tw/c_upload_busker/performer/personal/image/2017-07-13/ed5c1e7c-0f50-481d-89f2-9a0685b0632b/6674d812e739e6ffe65d28a8615fe198.JPG
176,郭崇勝,臺南市,薩克斯風吹奏,表演藝術,https://cloud.culture.tw/c_upload_busker/performer/personal/image/2017-07-13/a0cc0c0f-e9e1-47bb-9a70-2400b7016743/a1fdd22b350bcd2367426b0bc747a6ff.JPG
177,葉國珍,臺南市,薩克斯風吹奏,表演藝術,https://cloud.culture.tw/c_upload_busker/performer/personal/image/2017-07-13/ebda3712-581c-4c69-90de-4feacc825fd7/d4a6bf30296bad960eca5b7f09155498.JPG
178,姜佳宏,臺南市,花式扯鈴表演,表演藝術,https://cloud.culture.tw/c_upload_busker/performer/personal/image/2017-07-13/c6883a0a-03bf-4392-b2ac-b3b8ad6d57f7/55e0a53ac442daa8ae587bfa9a158ae8.JPG
179,王培儒,臺南市,吉他彈奏,表演藝術,https://cloud.culture.tw/c_upload_busker/performer/personal/image/2017-07-13/d8cfdaa4-6803-4e20-8e31-354890dfe2f4/3c0c111b1508045697c22323a84eed4c.JPG
180,陳怡佑,臺南市,薩克斯風吹奏,表演藝術,https://cloud.culture.tw/c_upload_busker/performer/personal/image/2017-07-13/95cbbefd-8a61-4a34-8ca6-3f3d33e64359/b1cdfd1972d946dd5803341501be1ee4.JPG
181,賀春桂,屏東縣,捏麵人,表演藝術,
182,許黎鵬,屏東縣,薩克斯風演奏,表演藝術,
183,吳旻鴻,屏東縣,吉他演奏,表演藝術,
184,黃碧梅,屏東縣,皮雕、編織,表演藝術,
185,何進丁,屏東縣,草編創意與教學,表演藝術,https://cloud.culture.tw/c_upload_busker/performer/personal/image/2019-05-23/1a505525-58a2-4acc-969a-8872cba24f31/d0d49747c5fbb84aa2a7bbe29a86cd6b.jpg
186,黃元國,屏東縣,月琴、嗩吶,表演藝術,
187,廖基宏,屏東縣,薩克斯風演奏,表演藝術,
188,謝信驊,屏東縣,爵士鼓,表演藝術,
189,蕭世彥,屏東縣,吹糖,表演藝術,
190,李尚軒,屏東縣,電子琴演奏,表演藝術,
191,林彩琴,屏東縣,傳統手工編織工藝,表演藝術,
192,顏淑香,屏東縣,打包帶系列、編織,表演藝術,
193,洪進財,屏東縣,劊作瓦雕、漂流木,表演藝術,
194,劉泊彤,屏東縣,打包帶系列、編織,表演藝術,
195,楊癸陽,屏東縣,吉他及電子琴自彈自唱,表演藝術,
196,沈家文,屏東縣,薩克斯風演奏,表演藝術,
197,黃泓銘,屏東縣,創意編繩、串?,表演藝術,
198,劉雅萍,屏東縣,環保素材創作,表演藝術,
199,洪建聲,屏東縣,小提琴、薩克斯風演奏,表演藝術,
200,王弘原,屏東縣,口琴演奏、歌唱,表演藝術,
201,葉清義,屏東縣,各式樂器演奏,表演藝術,
202,葉志皇,屏東縣,氣球教學,表演藝術,
203,張弘銘,屏東縣,薩克斯風演奏,表演藝術,
204,陳泰華,屏東縣,薩克斯風演奏,表演藝術,
205,邱冠登,屏東縣,薩克斯風演奏,表演藝術,
206,黃振翔,屏東縣,樂團,表演藝術,
207,楊聰榮,屏東縣,二胡演奏,表演藝術,
208,王錫鏞,屏東縣,薩克斯風演奏,表演藝術,
209,王為騰,屏東縣,主持,表演藝術,
210,陳義明,屏東縣,陶笛演奏,表演藝術,
211,陳國芳,桃園市,客家八音歌謠演奏,表演藝術,
212,謝文山,桃園市,薩克斯風演奏,表演藝術,
213,吳柏毅,桃園市,薩克斯風演奏,表演藝術,
214,蘇福寶,桃園市,洞簫笛子演奏,表演藝術,
215,梁志新,桃園市,吉他彈唱,表演藝術,https://cloud.culture.tw/c_upload_busker/performer/personal/image/2017-12-13/ef84df24-4b77-4149-a100-244b3ba6375e/3e17b81db0c8e4b5672187547192bcc3.jpg
216,陳宏志,桃園市,葉笛吹奏奏,表演藝術,https://cloud.culture.tw/c_upload_busker/performer/personal/image/2017-12-13/fe409519-26fd-4768-b627-3f16a037d7a1/b6415c6c31ee5b5e93866aeb6f9902b2.JPG
217,趙仲榮,桃園市,默劇、魔術、氣球秀,表演藝術,
218,張世明,桃園市,小丑與氣球,表演藝術,
219,徐滄鈦,桃園市,人像素寫,視覺藝術,
220,李新孔,桃園市,吉他彈唱,表演藝術,
221,鍾昭安,桃園市,葉笛吹奏,表演藝術,https://cloud.culture.tw/c_upload_busker/performer/personal/image/2017-12-13/bb4f3c5a-71dc-489f-bb60-d8943f4d34b5/f3c5d03d3dd416473907f7bb40241bcd.jpg
222,殷培生,桃園市,中國竹笛吹奏,表演藝術,https://cloud.culture.tw/c_upload_busker/performer/personal/image/2017-11-08/44a8df81-85dc-4aab-a0fe-3ba2e14b7d28/478ea3349ae95a59c74c84755813a2d6.JPG
223,邱壬俊,桃園市,造型氣球,創意工藝,
224,蘇國標,桃園市,鄉土童玩+樂器演奏,創意工藝,https://cloud.culture.tw/c_upload_busker/performer/personal/image/2017-12-13/01f18cb6-6a15-43ac-a877-4104ee083c29/e2aa4136587de442f3ca16558a39ff9b.jpg
225,鄭澤泉,桃園市,薩克斯風演奏,表演藝術,
226,張狂瀾,桃園市,薩克斯風演奏,表演藝術,
227,游祥發,桃園市,尺八洞簫演奏,表演藝術,
228,劉壁惟,桃園市,葫蘆絲吹奏,表演藝術,
229,康健益,桃園市,吉他彈唱,表演藝術,
230,劉威延,桃園市,吉他現場自彈自唱,表演藝術,https://cloud.culture.tw/c_upload_busker/image/2019-01-03/cfb74c8d-c11b-4c88-b977-a1f91c196216/01b5fa0eeb84f9fdcc0478c605dbfd53.jpg
231,陳登杜,桃園市,傳統客家山歌演唱,表演藝術,
232,游祥杰,桃園市,我的紙片會唱歌,表演藝術,
233,蕭可鉅,桃園市,陀螺表演,表演藝術,
234,劉建隆,桃園市,西洋舞台魔術表演,表演藝術,https://cloud.culture.tw/c_upload_busker/performer/personal/image/2017-12-13/856a10d9-7c75-4740-b4ab-e2c5ed4f051a/d6ac3ff28a3ab31ab35199be5a0d6dc8.jpg
235,陳正淳,桃園市,人像剪影、人像速寫,視覺藝術,
236,吳鴻寶,桃園市,Q版人像寫真創作,視覺藝術,
237,謝文山,桃園市,書畫、彩繪,視覺藝術,https://cloud.culture.tw/c_upload_busker/performer/personal/image/2017-12-13/bf22c919-5a4d-4ca8-b5b1-22b64b50e96a/a004047edea421ee2f8b876f831fe580.jpg
238,歐英足,桃園市,捏麵人,創意工藝,https://cloud.culture.tw/c_upload_busker/performer/personal/image/2017-12-13/ca29e353-ef2f-43b9-94bc-807ba4c8ef2a/9dbca9fa51cb7648c4124baf65fb2a4b.jpg
239,黃培嘉,桃園市,吸管藝術創作,創意工藝,
240,蘇楓凱,桃園市,鄉土童玩與魔術,創意工藝,https://cloud.culture.tw/c_upload_busker/performer/personal/image/2017-12-13/efdea694-de64-4b9b-9d91-8d45ddfdb13a/a4601153935fe051a941a55c5ecd6137.jpg
241,王淑媚,彰化縣,花藝、百合花胸花,創意工藝,
242,陳薔,彰化縣,氣球造型,創意工藝,
243,詹雅如,彰化縣,帶狀編織,創意工藝,
244,吳玉秀,彰化縣,造型氣球,創意工藝,
245,黃夢月,彰化縣,種子果實創作,創意工藝,
246,胡沛琪,彰化縣,吸管造型,創意工藝,
247,張舒婷,彰化縣,襪子娃娃,創意工藝,
248,姚嘉勳,彰化縣,皮革創作,創意工藝,
249,洪銀淑,彰化縣,吸管造型,創意工藝,
250,陳麗如,彰化縣,盆栽組合,創意工藝,
251,吳英鈴,彰化縣,布類創作,創意工藝,
252,沈文國,彰化縣,薩克斯風,表演藝術,https://cloud.culture.tw/c_upload_busker/performer/personal/image/2018-08-27/7354780a-0627-4423-bf3c-e7f6055bc74b/f829781edf1000778e820c1fe6e12828.JPG
253,施泰山,彰化縣,薩克斯風,表演藝術,https://cloud.culture.tw/c_upload_busker/performer/personal/image/2018-08-27/d5015377-a8c2-430c-bf48-20f5ebc6c522/2c89f4c7e683da42cdbf4af37cff31ef.JPG
254,洪志仁,彰化縣,次中音薩克斯風,表演藝術,https://cloud.culture.tw/c_upload_busker/performer/personal/image/2018-08-27/6301bdbe-a9aa-4f69-834f-78a2fc8001ad/ad5ba3f66c31dcdbee4966b6c39fe95b.JPG
255,許寶玉,彰化縣,唱歌、山地舞、歌中劇、主持,表演藝術,
256,傅慶順,彰化縣,薩克斯風,表演藝術,https://cloud.culture.tw/c_upload_busker/performer/personal/image/2018-08-27/8fb01dcc-14da-4913-ac76-3902a0000820/1ba8c2b7e65d93033d58afac198cd5bd.JPG
257,賴麗貞,彰化縣,薩克斯風,表演藝術,https://cloud.culture.tw/c_upload_busker/performer/personal/image/2018-08-27/f8c10a00-9934-460d-869e-fb190eacda23/0def3a1598ce3eaf8cf21060fb13a083.JPG
258,呂振成,彰化縣,中音薩克斯風,表演藝術,https://cloud.culture.tw/c_upload_busker/performer/personal/image/2018-08-27/79e48d1e-d284-40f3-b51d-defe6d1f2b4e/1dd4b15fd826728280e288450b691311.JPG
259,洪景隆,彰化縣,薩克斯風,表演藝術,https://cloud.culture.tw/c_upload_busker/performer/personal/image/2018-08-27/c7ad2e0b-a873-4587-af52-b72e012974be/2f8865d0837f2153bc0a934f5c2713fc.JPG
260,洪經註,彰化縣,薩克斯風,表演藝術,https://cloud.culture.tw/c_upload_busker/performer/personal/image/2018-08-27/82179a5e-1298-4277-ba31-d8136fa1b763/4d967152e8c54681a2cbb7f8d8392ddf.JPG
261,謝玉英,彰化縣,薩克斯風,表演藝術,
262,陳根慶,彰化縣,薩克斯風,表演藝術,
263,楊國義,彰化縣,唱歌,表演藝術,
264,連茂鈞,彰化縣,薩克斯風,表演藝術,
265,王榮裕,彰化縣,薩克斯風,表演藝術,
266,林冠廷,彰化縣,薩克斯風,表演藝術,
267,王馨慧,彰化縣,薩克斯風,表演藝術,
268,何寶珠,彰化縣,薩克斯風,表演藝術,
269,賴志民,彰化縣,薩克斯風,表演藝術,https://cloud.culture.tw/c_upload_busker/performer/personal/image/2018-08-27/48cedbea-285d-4b0c-8cd3-32f0a1a19350/56735af53e122c69c8e69bd3f9f00f2b.JPG
270,游進楠,彰化縣,薩克斯風,表演藝術,https://cloud.culture.tw/c_upload_busker/performer/personal/image/2018-08-27/0a217353-3d7c-4b01-b720-aa5e7b568b7c/255093dc5e4bb9fbc966543d6d8e27d7.JPG
271,彭立凡,高雄市,吉他演唱,表演藝術,https://cloud.culture.tw/c_upload_busker/performer/personal/image/2019-06-21/79b0efb2-f703-467f-886e-63b19a0bf3ed/39df3e8674c93e20f1024621c4c9248b.jpg
272,鐘振源,高雄市,紙黏土及明信片,創意工藝,https://cloud.culture.tw/c_upload_busker/performer/personal/image/2019-06-20/535c9bb2-03e1-4031-9f81-8822408f6cd2/7a0ee50aecbc0494433770a1d014ec08.jpg
273,蔣瑗璋,高雄市,原木車枳及椿接,創意工藝,https://cloud.culture.tw/c_upload_busker/performer/personal/image/2019-06-20/5b3ada7f-c252-45aa-9fe7-d4e59c2a329a/4393a7aaaff5b86f2cdb91586f76e4a3.jpg
274,鄭乃嘉,高雄市,捏陶土創作,創意工藝,https://cloud.culture.tw/c_upload_busker/performer/personal/image/2019-06-20/53764cf0-c683-42e4-ba74-c9e6f5241fa8/e08798b08835a03d7b9f7a7d213d43b1.jpg
275,劉春杏,高雄市,手工葫蘆夜燈雕刻,表演藝術,https://cloud.culture.tw/c_upload_busker/performer/personal/image/2019-06-20/70d96c67-efac-430d-a662-feee05c3f2b3/ef74d4205bb965fcb47bd91af2cb6d69.JPG
276,張薰方,高雄市,藝術寶石手工皂,創意工藝,https://cloud.culture.tw/c_upload_busker/performer/personal/image/2019-06-20/31292899-86c4-48a5-9744-441935fc2055/4bb1ec9ec1bc9c3feb1c29dce6c951ba.JPG
277,沈嘉文,高雄市,原木複合材質創作,創意工藝,https://cloud.culture.tw/c_upload_busker/performer/personal/image/2019-06-20/0582d413-930c-4da9-ba89-853ded988e8f/d5ca306f15d9ea0a5c9f4f5564a9b2a7.JPG
278,許清華,高雄市,篆刻種子木工藝,創意工藝,https://cloud.culture.tw/c_upload_busker/performer/personal/image/2019-06-20/bdd28a20-73b4-441c-8adc-dafef8934167/75cbdebbbbeb2e6993e1e85f14fef422.jpg
279,張宜芬,高雄市,多肉植物創意組盆,視覺藝術,https://cloud.culture.tw/c_upload_busker/performer/personal/image/2019-06-20/3a6c0e10-d018-4c6e-ad66-82e2939dab64/82cf15d61acdd59fbdc6145344561194.JPG
280,黃森濤,高雄市,童玩、打包帶創作,創意工藝,https://cloud.culture.tw/c_upload_busker/performer/personal/image/2019-06-20/eae172ef-c016-4c59-8cda-a75a5c9cb8ab/cf6004138c56d338c11d7e4d9aecbdc4.JPG
281,陳宇宏,高雄市,樹果創作,創意工藝,https://cloud.culture.tw/c_upload_busker/performer/personal/image/2019-06-20/84663677-4c9d-4350-bd8d-43d98422ed9d/b665ab0cccbfdcef930a0e3a39f770d3.JPG
282,吳啟瑜,高雄市,台灣檜木創作,視覺藝術,https://cloud.culture.tw/c_upload_busker/performer/personal/image/2019-06-20/de5ba599-4ff0-486c-9ce3-b25440567c4e/20d7868ac09cb72fca135dd3b09f93ba.JPG
283,梁彩玲,高雄市,花藝香氛創作設計,創意工藝,https://cloud.culture.tw/c_upload_busker/performer/personal/image/2019-06-20/9f0300a4-4c97-4265-a009-72d40e32f14b/fe81dc879ddf82776829855907cafd56.JPG
284,戴邑妃,高雄市,羊毛氈,創意工藝,https://cloud.culture.tw/c_upload_busker/performer/personal/image/2019-06-20/334b4f70-b653-4fb0-93fd-b4fe4bf415da/f384f2631d2c78b302eaeb5c7200cff9.JPG
285,王黃富美,高雄市,手作編織藝術,視覺藝術,https://cloud.culture.tw/c_upload_busker/performer/personal/image/2019-06-20/36fd7bf4-2e0c-43cc-a15e-ef50274f9bc4/3c3ccf0d32c6d2b5074605db06d0e580.JPG
286,蕭文綺vicky,高雄市,不凋花乾燥花手作,創意工藝,https://cloud.culture.tw/c_upload_busker/performer/personal/image/2019-06-20/b67eb0b8-136e-41df-84a3-933e220b4949/970ab6a9a696ff111769a249115a5be0.JPG
287,陳瑋嬣,高雄市,手作胸花及布包,創意工藝,https://cloud.culture.tw/c_upload_busker/performer/personal/image/2019-06-20/763e1d11-f0e3-4549-8377-b822e0940414/77ab0f0e68b017260b7c3e743bc41694.JPG
288,陳慧芬,高雄市,布類創作,創意工藝,https://cloud.culture.tw/c_upload_busker/performer/personal/image/2019-06-20/e0f9a19c-e8e8-4673-945c-19930ef44bfe/058e04ecd8a7bfe9fff6d18f6e28ddeb.JPG
289,羅張玉欄,高雄市,古典珠包,創意工藝,https://cloud.culture.tw/c_upload_busker/performer/personal/image/2019-06-20/1785122c-a5a4-4855-9f5d-0dc7272a35f2/6b542cc901aab3ac0700ce65b51ee7d4.JPG
290,林慧蜂,高雄市,布類手創精緻商品,創意工藝,https://cloud.culture.tw/c_upload_busker/performer/personal/image/2019-06-20/77004d24-cdb5-4864-bd95-4e8e1a1ec23c/81d9cbd609c39db7ac2413edee727f32.JPG
291,李羿嬅,高雄市,毛線編織,創意工藝,https://cloud.culture.tw/c_upload_busker/performer/personal/image/2019-06-20/4b77fbad-3886-4595-b5dc-339892e799cf/4a66554962ce3fe0d48bda61eb3044f2.JPG
292,謝龍輝,高雄市,手作皮件,創意工藝,https://cloud.culture.tw/c_upload_busker/performer/personal/image/2019-06-20/15ccc1a7-60ff-4009-ad8c-d9a48b1c581d/ed056a0e7add0659f5f949467af093e6.JPG
293,林宗勤,高雄市,手作創意皮件,創意工藝,https://cloud.culture.tw/c_upload_busker/performer/personal/image/2019-06-20/cde125e2-6716-441a-a6b0-2789b2f89718/42b618ded2db9f49042f898406e16a0b.jpg
294,李庚錞,高雄市,剪紙藝術,創意工藝,https://cloud.culture.tw/c_upload_busker/performer/personal/image/2019-06-20/1003306c-5e80-4faa-a848-2e8ad72d2458/0c81c5e0824fbd4e6c309c0dba5c0e69.JPG
295,曹嘉展,高雄市,隨身手作飾品手環,創意工藝,https://cloud.culture.tw/c_upload_busker/performer/personal/image/2019-07-05/7cefa749-5210-4a9f-a00a-6fa2d8e1d636/e337c26e2adfff8edf6b5df81c7c1149.JPG
296,潘錫華,高雄市,木工童玩,創意工藝,https://cloud.culture.tw/c_upload_busker/performer/personal/image/2019-06-20/88b989b9-6432-4dfc-bcd1-988df071f3db/ccc6ea79ab6e86c73c5f199e5f7806a8.JPG
297,藍雅各,高雄市,客製手作飾品,視覺藝術,https://cloud.culture.tw/c_upload_busker/performer/personal/image/2019-06-20/7a96ec15-13ad-4347-a3a4-bf43068762e0/907c414f8f868bf4ad96a9a8731ec8b0.JPG
298,韓馥鎂,高雄市,手工皂雕，繪畫,視覺藝術,https://cloud.culture.tw/c_upload_busker/performer/personal/image/2019-06-20/43c08420-19fd-4b02-b487-3341cece6aeb/e7d4062a3adc040ebf31b427a76c99b1.JPG
299,王若築,高雄市,纖維織品創作,視覺藝術,https://cloud.culture.tw/c_upload_busker/performer/personal/image/2019-06-20/4795edb8-ddf2-45a1-8803-52585967ae36/7e5deb885ba787912550b722f5a099ac.JPG
300,莊金玉,高雄市,人造花木材飾品,創意工藝,https://cloud.culture.tw/c_upload_busker/performer/personal/image/2019-06-20/4c267731-031b-4daa-ac9f-4563280daf1e/ed2d6d936636bdafe089d8966f461a56.JPG
301,王言名,臺北市,吉他彈唱,表演藝術,
302,林家賢,臺北市,吉他彈唱,表演藝術,
303,魏嘉陞,臺北市,吉他彈唱、演奏,表演藝術,https://cloud.culture.tw/c_upload_busker/performer/personal/image/2017-12-14/cb660fdc-d035-4eeb-b309-577da20595fa/dac483e50cb1374faeddd7509dc470c1.jpg
304,鍾家閎,臺北市,軟骨功、倒立,表演藝術,
305,吳政澤,臺北市,馬戲、雜耍、互動,表演藝術,
306,蔡政龍,臺北市,大環Cyr Wheel,表演藝術,
307,李翰昇,臺北市,特技,表演藝術,
308,徐嘉陽,臺北市,演奏,表演藝術,
309,廖丁民,臺北市,魔術、氣球、雜耍,表演藝術,
310,苗海南,臺北市,魔術,表演藝術,
311,何念臻,臺中市,歌唱,表演藝術,
312,王小萍,臺中市,吉他彈唱,表演藝術,
313,王意如,臺中市,吉他彈唱,表演藝術,
314,吳宏彬,臺中市,吉他彈唱,表演藝術,
315,吳秉芸,臺中市,吉他彈唱,表演藝術,
316,李國安,臺中市,電子琴彈唱,表演藝術,
317,周容暄,臺中市,吉他彈唱,表演藝術,
318,林子閔,臺中市,吉他彈唱,表演藝術,
319,林書漢,臺中市,吉他彈唱,表演藝術,
320,林茜,臺中市,電子琴彈唱,表演藝術,
321,林常棣,臺中市,吉他彈唱,表演藝術,
322,林清安,臺中市,歌唱,表演藝術,
323,林聖傑,臺中市,吉他彈唱,表演藝術,
324,林緯翔,臺中市,吉他彈唱,表演藝術,
325,梁譽薰,臺中市,唱歌,表演藝術,
326,洪筱昀,臺中市,吉他彈唱,表演藝術,
327,倪孟紹,臺中市,電子琴彈唱,表演藝術,
328,張本昌,臺中市,鋼琴彈唱,表演藝術,
329,張志銘,臺中市,吉他彈唱,表演藝術,
330,張俊傑,臺中市,吉他彈唱,表演藝術,
331,泉州高甲戲曲班,彰化縣,嗩吶、三弦、椰仔弦、北管打擊樂器,表演藝術,https://cloud.culture.tw/c_upload_busker/performer/team/image/2020-08-04/e3a4cc70-960d-4461-98a6-045b3e59c168/399c524eef79ac5a3e7a5f1870114832.jpg
332,徐維縯,彰化縣,薩克斯風演奏,表演藝術,https://cloud.culture.tw/c_upload_busker/performer/personal/image/2020-08-04/7522505f-3cf2-43d5-8492-577922190820/edebf788546c46324f6f668897df5d68.jpg
333,藝音樂團,彰化縣,薩克斯風、電子琴、電吉他、木吉他、歌唱,表演藝術,https://cloud.culture.tw/c_upload_busker/performer/team/image/2020-08-04/61e5bb58-963e-427e-9b57-55e391be27d1/ef19f95545034db6ae570d50632e20ef.jpg
334,大村快樂愛薩樂團,彰化縣,薩克斯風,表演藝術,https://cloud.culture.tw/c_upload_busker/performer/team/image/2020-08-04/f5aaa7e9-7962-46c0-9878-cd79049b5504/cc603af42981f814b4fe0903cff8015e.jpg
335,陳虹君,彰化縣,電子琴彈唱,表演藝術,https://cloud.culture.tw/c_upload_busker/performer/personal/image/2020-08-04/1582e28d-df6b-4ce6-b66c-7a0e77e9f647/8467b9e48d124db6f383bc3d129417a4.jpg
336,夢境15,彰化縣,吉他、木箱鼓、唱歌,表演藝術,https://cloud.culture.tw/c_upload_busker/performer/team/image/2020-08-04/f07f8c96-c9d2-4994-8ba9-d736d28d2d46/1bfe5dc46e98a77233fc7d5d2c97585a.jpg
337,打貓火舞團,彰化縣,團舞類舞火表演,表演藝術,https://cloud.culture.tw/c_upload_busker/performer/team/image/2020-08-04/2e863340-f1a3-4bb0-9bca-b5838450ec74/61e07037bcffb7243c19c26bef17451c.jpg
338,歌唱家樂團,彰化縣,鼓、薩克斯、小喇叭、歌手演唱,表演藝術,https://cloud.culture.tw/c_upload_busker/performer/team/image/2020-08-04/756a19be-c2ed-4f8b-8c42-90bd7664f1a7/c2f871181ee6c974d54bc195f93d2eee.jpg
339,黃士融,彰化縣,花式扯鈴,表演藝術,https://cloud.culture.tw/c_upload_busker/performer/personal/image/2020-08-04/06c4499b-6242-49f9-a971-669eea4daa4a/505e5f1d6bf8f20bae8559eed2b655cf.jpg
340,福田三?演藝,彰化縣,薩克斯風演奏,表演藝術,https://cloud.culture.tw/c_upload_busker/performer/team/image/2020-08-04/fee4941c-8e47-4f51-a2c7-3bbe0e144fca/1795d16b834f076577ca54d205979e29.jpg
341,洪雅婷,彰化縣,琵琶,表演藝術,https://cloud.culture.tw/c_upload_busker/performer/personal/image/2020-08-04/d6b86c43-ab4d-4cb4-ab5b-a0dd7e839a11/a75ab1a32dc752ad6500736a5d6a8bc7.jpg
342,兩隻蟹樂團,彰化縣,電子琴、吉他、烏克麗麗、電吉他,表演藝術,https://cloud.culture.tw/c_upload_busker/performer/team/image/2020-08-04/365f6e4e-2294-4aa5-b3cb-841a22387a5d/9687ac956fc832a9f7ebcfb2bbb97072.jpg
343,金愛唱二重唱,彰化縣,二重唱以電子琴伴奏方式演出,表演藝術,https://cloud.culture.tw/c_upload_busker/performer/team/image/2020-08-04/55cb5989-5566-4f57-b423-6bfe6991c7be/8e7896bedb47597131f5ad38a6df43b1.jpg
344,楊清富,彰化縣,歌唱,表演藝術,https://cloud.culture.tw/c_upload_busker/performer/personal/image/2020-08-04/cb3fe598-ebf5-47ed-8580-fc73ab0204e1/08829a6652a73ce0bce96c8f763b5e93.jpg
345,百合長笛樂團,彰化縣,長笛,表演藝術,https://cloud.culture.tw/c_upload_busker/performer/team/image/2020-08-04/c9f9d476-7186-4ec0-8887-ee7ced06ef00/243385904b9cf70c8c8ac72d26165121.jpg
346,林修平,彰化縣,演奏（吉他）,表演藝術,https://cloud.culture.tw/c_upload_busker/performer/personal/image/2020-08-04/b39b1633-b97a-4987-ba33-2736eff4b6ef/d74f28363388a0933aa165bec2b70971.jpg
347,寶貝二胡家族,彰化縣,二胡,表演藝術,https://cloud.culture.tw/c_upload_busker/performer/team/image/2020-08-04/e818e7ca-388a-4967-8877-6c080f9d33a1/34edb0197ba47333a5f450d79596e35b.jpg
348,謝懿柔,彰化縣,吉他彈唱,表演藝術,https://cloud.culture.tw/c_upload_busker/performer/personal/image/2020-08-04/d9621555-4470-4d84-bd5e-245f80d14912/b58ef07bee734484c1bfe48337f1dd2e.jpg
349,蝦仁樂團,彰化縣,吉他,表演藝術,https://cloud.culture.tw/c_upload_busker/performer/team/image/2020-08-04/87b0b5a5-277a-45ff-a687-c4c585a9aa4f/19348f54e766ae970678a8d861a12baa.jpg
350,黃麗蘭,彰化縣,演奏（薩克斯風）,表演藝術,https://cloud.culture.tw/c_upload_busker/performer/personal/image/2020-08-04/709fb44e-f6bd-4061-8350-d98914c0d758/bff4c29bc704859e59709421e66e0026.jpg
351,玩聲薩克斯風樂團,彰化縣,薩克斯風演奏,表演藝術,https://cloud.culture.tw/c_upload_busker/performer/team/image/2020-08-04/0a543df9-df8b-4e72-8307-3d528ff0c590/06d151af187f4ab5d75ebb6ae7f4e3f1.jpg
352,臻真二重唱,彰化縣,二重唱、直笛吹奏、帶動唱,表演藝術,https://cloud.culture.tw/c_upload_busker/performer/team/image/2020-08-04/454f3d05-a507-440d-9352-ab6713762a21/bd190ff697927db57bd7ed49dc343e70.jpg
353,大村寶貝愛薩樂團,彰化縣,薩克斯風,表演藝術,https://cloud.culture.tw/c_upload_busker/performer/team/image/2020-08-04/75b1727e-74f9-4a5e-aa81-4e9ff444c3ab/06d151af187f4ab5d75ebb6ae7f4e3f1.jpg
354,洛津薩克斯風樂團,彰化縣,薩克斯風,表演藝術,https://cloud.culture.tw/c_upload_busker/performer/team/image/2020-08-04/f29bcb54-941e-46f5-ba60-31202324922b/19851e3e1756d32498cc200cceb29782.jpg
355,I.A.M樂團,彰化縣,吉他、唱歌、鈴鼓、沙鈴,表演藝術,https://cloud.culture.tw/c_upload_busker/performer/team/image/2020-08-04/ad423ff4-1656-419c-9b0d-00acf86570a5/c14f37584f9a8be1e26f8d9832acd75f.jpg
356,陳鴻裕,彰化縣,歌唱,表演藝術,https://cloud.culture.tw/c_upload_busker/performer/personal/image/2020-08-04/b8be0ada-f598-46e8-9a67-05fad2c55ea8/29ebb4da20d26757df23ce5626e16f8c.jpg
357,Recover重新詮釋,彰化縣,吉他彈唱雙人組,表演藝術,https://cloud.culture.tw/c_upload_busker/performer/team/image/2020-08-04/6439fb47-9fa4-4e5c-9099-11f4b5fd414b/b3e6af822aeed7eb09c68515bf6c4067.jpg
358,楊秀月,彰化縣,薩克斯風吹奏,表演藝術,https://cloud.culture.tw/c_upload_busker/performer/personal/image/2020-08-04/887ce075-3a20-4e7b-9be4-379bed9084e7/567c736d97f6c5620e49a397887c767d.jpg
359,GREEN地球樂團,彰化縣,電吉他、歌唱,表演藝術,https://cloud.culture.tw/c_upload_busker/performer/team/image/2020-08-04/d55de130-1c24-4ddc-afb0-6a57b0877aab/71d9b9a0b2f89c68a62431421757be0c.jpg
360,康進忠,彰化縣,薩克斯風吹奏,表演藝術,https://cloud.culture.tw/c_upload_busker/performer/personal/image/2020-08-04/02d32bba-79db-4348-b841-c500deb0b7a6/6303406f1fdb1b74d1259c5c6f232c51.jpg
361,徐呈霖,桃園市,薩克斯風演奏,表演藝術,https://cloud.culture.tw/c_upload_busker/performer/personal/image/2020-09-30/e041e458-0e59-44c2-a85a-f544e3ab5aac/81ce030d9b10433e3bbb61888fa04a61.png
362,孫素琴,桃園市,葫蘆絲與古箏演奏,表演藝術,
363,謝仲哲,桃園市,薩克斯風演奏,表演藝術,
364,李進財,桃園市,薩克斯風演奏,表演藝術,
365,黃子宴,桃園市,薩克斯風演奏,表演藝術,
366,施薇均,桃園市,小提琴演奏,表演藝術,
367,黃洋義,桃園市,電吉他演奏,表演藝術,
368,曾進生,桃園市,薩克斯風演奏,表演藝術,
369,田梅桂,桃園市,薩克斯風演奏,表演藝術,
370,林毓禎,桃園市,薩克斯風演奏,表演藝術,
371,羅煥彧,桃園市,薩克斯風演奏,表演藝術,
372,余姿蓉,桃園市,古箏演奏,表演藝術,https://cloud.culture.tw/c_upload_busker/performer/personal/image/2020-09-30/89d8f18f-7cc1-4366-857b-07f7497f6efd/18b5e93157a8185566e0d617ae3639db.jpg
373,陳輝鐘,桃園市,陶笛演奏,表演藝術,
374,吳秀慧,桃園市,古箏及鋼琴演奏,表演藝術,https://cloud.culture.tw/c_upload_busker/performer/personal/image/2020-09-30/3c9eda94-f344-44a5-9a55-cfd452a3e02b/e5a89fb5c70ad57eb203c41e8ff8d876.jpg
375,謝智吉,桃園市,電子琴及電子吹管演奏,表演藝術,https://cloud.culture.tw/c_upload_busker/performer/personal/image/2020-09-30/7fca35a9-80aa-48d4-9ebd-c30d3878baeb/b2f4891a82bf14534ec667a2d8afc016.jpg
376,饒芳綺,桃園市,大提琴演奏,表演藝術,https://cloud.culture.tw/c_upload_busker/performer/personal/image/2020-09-30/e18c2ee9-3afa-46c2-901c-002ff8a04986/877a23134437fc1e8d89f5b8a5970dad.jpg
377,張坤林,桃園市,薩克斯風演奏,表演藝術,
378,卓超,桃園市,薩克斯風演奏,表演藝術,
379,王仕偉,桃園市,陶笛演奏,表演藝術,
380,吳秉榮,桃園市,薩克斯風演奏,表演藝術,https://cloud.culture.tw/c_upload_busker/performer/personal/image/2020-09-30/12164ac6-871e-457e-9d99-8fd6452a643a/3e4ff3e4a587c4830e985f0893230eb5.jpg
381,彭心晏,桃園市,直笛演奏,表演藝術,https://cloud.culture.tw/c_upload_busker/performer/personal/image/2020-09-30/3e14bbb5-7ffe-4b5a-bea2-dfc7480a5357/cea0e45e1b668e53ffa637aa2714a07b.JPG
382,彭國旻,桃園市,薩克斯風演奏,表演藝術,https://cloud.culture.tw/c_upload_busker/performer/personal/image/2020-09-30/c611a146-a946-4145-aeab-269a5c9b669a/846fbd728aa7a61622bd53cac07f6784.jpg
383,陳忠,桃園市,薩克斯風演奏,表演藝術,
384,曾秀娟,桃園市,陶笛演奏,表演藝術,
385,施宣如,桃園市,薩克斯風演奏,表演藝術,
386,卓佳寧,桃園市,吉他彈唱,表演藝術,https://cloud.culture.tw/c_upload_busker/performer/personal/image/2020-09-30/856c529c-7e01-4fae-8cb9-3afe609a535e/6775ea6e91fec5c78cb5fe9d7345e3d0.jpg
387,余福享,桃園市,吉他彈唱,表演藝術,https://cloud.culture.tw/c_upload_busker/performer/personal/image/2020-09-30/6ab42a53-c288-4f97-9af9-d97e8f707590/dcfdd3769a81f3d8593194ae939d4c5b.jpg
388,林育生,桃園市,吉他彈唱,表演藝術,
389,周天有,桃園市,薩克斯風演奏,表演藝術,
390,李訓哲,桃園市,薩克斯風演奏,表演藝術,
391,詹銘山,桃園市,薩克斯風演奏,表演藝術,https://cloud.culture.tw/c_upload_busker/performer/personal/image/2020-09-30/aff7d1fc-e1ba-4d9f-b3f7-09a085b6e7bf/48f82d61f1839355297c5c739c3194a0.jpg
392,謝長佑,桃園市,薩克斯風演奏,表演藝術,https://cloud.culture.tw/c_upload_busker/performer/personal/image/2020-09-30/15a6e998-4a5f-4583-8965-aa82e942164a/1e6dca1cd758c8274c3772f1392b0e2d.jpg
393,潘思維,桃園市,排笛演奏,表演藝術,https://cloud.culture.tw/c_upload_busker/performer/personal/image/2020-09-30/bedb108b-292a-4756-8d97-ddf3f15502c4/fe00519ee532ae1c927bfb6e6164c710.JPG
394,周進發,桃園市,古箏演奏,表演藝術,
395,林成添,桃園市,薩克斯風演奏,表演藝術,
396,黃亦君,桃園市,薩克斯風演奏,表演藝術,
397,張錫淵,桃園市,薩克斯風演奏,表演藝術,
398,詹文豪,桃園市,薩克斯風演奏,表演藝術,
399,古秀琴,桃園市,薩克斯風演奏,表演藝術,
400,葉明珠,桃園市,薩克斯風演奏,表演藝術,
401,鄭家珍,桃園市,薩克斯風演奏,表演藝術,
402,許宇鎮,桃園市,烏克麗麗演奏,表演藝術,https://cloud.culture.tw/c_upload_busker/performer/personal/image/2020-09-30/8ae8c6de-2d03-4eda-a88c-be815a9cc0a4/14402689d7b9e35077f24508653de26f.png
403,吳雪珠,桃園市,陶笛演奏,表演藝術,
404,張清華,桃園市,薩克斯風演奏,表演藝術,https://cloud.culture.tw/c_upload_busker/performer/personal/image/2020-09-30/22e41dbb-d6af-4ea3-910b-09358d52a7e0/cd080265464a0325dd578a2462e1d79b.jpg
405,陳冠瑋,桃園市,薩克斯風演奏,表演藝術,https://cloud.culture.tw/c_upload_busker/performer/personal/image/2020-09-30/f5020acd-281e-4ec3-a4cb-37d82405e099/b2bd17f9fff6bd34395f17d04a529c49.png
406,曾盛杰,桃園市,薩克斯風演奏,表演藝術,https://cloud.culture.tw/c_upload_busker/performer/personal/image/2020-09-30/1e03ed26-3f75-43b0-9516-cd049645fb07/d4da6b536858c5e748eb1f6dc880c04e.png
407,黃凱若,桃園市,薩克斯風演奏,表演藝術,https://cloud.culture.tw/c_upload_busker/performer/personal/image/2020-09-30/470676a6-eba6-4191-9771-3698e62d9e85/2e6babfa97ebf539f19da6772e2bd86a.png
408,劉佳弦,桃園市,烏克麗麗演奏,表演藝術,https://cloud.culture.tw/c_upload_busker/performer/personal/image/2020-09-30/1615c8bf-d237-4fda-98ed-8493c6b4b0da/aa2d136856e4feef87040cdb3835ab9f.jpg
409,陳耀輝,桃園市,薩克斯風演奏,表演藝術,
410,吳美燕,桃園市,薩克斯風演奏,表演藝術,https://cloud.culture.tw/c_upload_busker/performer/personal/image/2020-09-30/20915dea-2602-433e-98ac-9edcc93d55ab/bca2ca2981481b4eaafe9d7273c54393.jpg
411,簡國欽,桃園市,薩克斯風演奏,表演藝術,https://cloud.culture.tw/c_upload_busker/performer/personal/image/2020-09-30/7210607f-5e8d-4034-8463-8d983a1448c6/e4a0061d9e1e6dd26e9a2e229ce4ef7a.png
412,劉宜承,桃園市,薩克斯風演奏,表演藝術,https://cloud.culture.tw/c_upload_busker/performer/personal/image/2020-09-30/89a6c1ec-7744-49f5-bc12-85476aba2d37/d4f86aa9e5a2de1b78a9a6a89c8ec4f0.jpg
413,楊月香,桃園市,薩克斯風演奏,表演藝術,https://cloud.culture.tw/c_upload_busker/performer/personal/image/2020-09-30/99826d3f-1970-4591-90e9-1b8d03620538/eb20e5af829ffee1b8bab0515bdd7a0b.jpg
414,郭建宏,桃園市,特技雜耍,表演藝術,https://cloud.culture.tw/c_upload_busker/performer/personal/image/2020-09-30/f0b5db55-a52e-473e-93bf-1d6dcd056037/731a6f8c0ec02caa2e22434a07a53b12.jpg
415,林士淳,桃園市,魔術表演,表演藝術,
416,鍾易錚,桃園市,互動式雜耍特技,表演藝術,https://cloud.culture.tw/c_upload_busker/performer/personal/image/2020-09-30/01718591-7ed9-4b99-99b8-0866b1047881/b14e6f811456ca61331d62a25833319b.jpg
417,張孝行,桃園市,腹語互動表演,表演藝術,
418,黃立芃,桃園市,火焰舞蹈表演,表演藝術,https://cloud.culture.tw/c_upload_busker/performer/personal/image/2020-09-30/aa78a323-eb06-4136-bec1-4abdf35a2752/bb25329e2f31d9c0d53ed3681f440171.jpg
419,施又仁,桃園市,氣球及魔術雜耍,表演藝術,https://cloud.culture.tw/c_upload_busker/performer/personal/image/2020-09-30/12aa21ba-8b4d-4fa0-8194-b4603df8db26/c7a342cf781631f2946b924e77724e6a.jpg
420,呂佳玲,桃園市,花式扯鈴及雜耍,表演藝術,https://cloud.culture.tw/c_upload_busker/performer/personal/image/2020-09-30/6852f252-70e4-4ef3-a242-e836df45a397/f8fd72bd3dadf55501009b65d45d4b5c.png
421,賴佾詳,桃園市,魔術及雜耍,表演藝術,https://cloud.culture.tw/c_upload_busker/performer/personal/image/2020-09-30/b8b60844-2425-4f09-84b4-9be25b48f8ca/98d4b457272da447cdf5fc34fa844a8c.jpg
422,黃述淨,桃園市,造型氣球,創意工藝,https://cloud.culture.tw/c_upload_busker/performer/personal/image/2020-09-30/b86ee858-be3d-435d-966b-18c3660347f4/ddc947da36b2d730911491de6776dd12.jpg
423,張瑜庭,桃園市,造型氣球,創意工藝,https://cloud.culture.tw/c_upload_busker/performer/personal/image/2020-09-30/8f37324e-281b-46f3-8810-d4d05c6a1985/49420e7cee2e6f80176861d00f886f72.png
424,吳宛芝,桃園市,造型氣球,創意工藝,https://cloud.culture.tw/c_upload_busker/performer/personal/image/2020-09-30/e97c6a0b-bec2-42b0-915a-c7bc96d64421/0bf7882eff0a180a05224d594c3c3395.jpg
425,韋岳廷,桃園市,吉他彈唱,表演藝術,https://cloud.culture.tw/c_upload_busker/performer/personal/image/2020-09-30/cf2a2b88-b037-469f-a245-cc2ed9e18f66/3267bfff5cc4ac133b09f3e0b80921fc.jpg
426,楊麗華,桃園市,薩克斯風演奏,表演藝術,
427,顏若茵,桃園市,爵士鼓及木吉他演奏,表演藝術,https://cloud.culture.tw/c_upload_busker/performer/personal/image/2020-09-30/705149eb-796b-4a44-b04e-59e71801b67b/59a88ff0efe2ccc1ae2311c37f0dfa5b.png
428,何瑞章,桃園市,口琴樂器演奏,表演藝術,
429,潘禹婷,桃園市,爵士鼓演奏,表演藝術,
430,盧俊榮,桃園市,雜耍特技,表演藝術,
431,Unique優尼克薩斯風重奏團,桃園市,薩克斯風演奏,表演藝術,https://cloud.culture.tw/c_upload_busker/performer/team/image/2020-09-30/21aa1ec9-e3c0-4526-94e3-b80c8d6b967d/80c8898c3ae6eb1d3fb7da21f1f83187.jpg
432,火舞雙兄弟,桃園市,火焰舞蹈,表演藝術,https://cloud.culture.tw/c_upload_busker/performer/team/image/2020-09-30/8d42b388-fc98-4065-af2f-0aaea2283bde/e82be1130131efb402039e55ade967c8.jpg
433,街頭搖滾少年團TAIWAN,桃園市,鍵盤與吉他彈唱,表演藝術,
434,Right.樂團,桃園市,樂團彈唱,表演藝術,https://cloud.culture.tw/c_upload_busker/performer/team/image/2020-09-30/3cecfcce-50c7-4238-9897-fe9d7cd422ab/d6d59b8298c0b8daf795b931542f94c8.png
435,快樂音符,桃園市,電子琴彈唱,表演藝術,
436,宅吉band,桃園市,吉他彈唱,表演藝術,https://cloud.culture.tw/c_upload_busker/performer/team/image/2020-09-30/45d33380-5026-4411-8c80-fa3633f693aa/8a3b4bfaf190a223e122242d6daa300b.jpg
437,GCBand,桃園市,樂團演出,表演藝術,https://cloud.culture.tw/c_upload_busker/performer/team/image/2020-09-30/4fe2c5e9-9e9e-46e0-b8f1-b94fd430c16b/6effad7e6de51c8d7b688e88265a4882.jpg
438,僑泰樂團,桃園市,薩克斯風演奏,表演藝術,
439,輝陽重奏團,桃園市,薩克斯風演奏,表演藝術,
440,吾笛樂團,桃園市,陶笛演奏,表演藝術,
441,追夢雙小提琴,桃園市,雙小提琴重奏,表演藝術,
442,CC朕樂團,桃園市,薩克斯風演奏,表演藝術,https://cloud.culture.tw/c_upload_busker/performer/team/image/2020-09-30/f8a4c5cc-3cdc-42fa-867f-8d5fbcae98ff/da73dbeec227b67e8157b437119cbebb.JPG
443,加菜高歌快舞二人組,桃園市,薩克斯風演奏,表演藝術,
444,大江屋薩克斯風樂團,桃園市,薩克斯風演奏,表演藝術,
